K,D,loss_level,type,B
40000,245760000,1.27,nn_data_point,3
21734,267075960,1.27,nn_data_point,6
9460,232503127,1.27,nn_data_point,12
7568,483020621,1.27,fitted_curve,31
7771,468014667,1.27,fitted_curve,29
7974,454611001,1.27,fitted_curve,28
8178,442565998,1.27,fitted_curve,26
8381,431683043,1.27,fitted_curve,25
8584,421801709,1.27,fitted_curve,24
8787,412789803,1.27,fitted_curve,23
8990,404537413,1.27,fitted_curve,22
9193,396952404,1.27,fitted_curve,21
9397,389956964,1.27,fitted_curve,20
9600,383484927,1.27,fitted_curve,20
9803,377479667,1.27,fitted_curve,19
10006,371892447,1.27,fitted_curve,18
10209,366681082,1.27,fitted_curve,18
10412,361808880,1.27,fitted_curve,17
10616,357243776,1.27,fitted_curve,16
10819,352957622,1.27,fitted_curve,16
11022,348925608,1.27,fitted_curve,15
11225,345125781,1.27,fitted_curve,15
11428,341538647,1.27,fitted_curve,15
11632,338146834,1.27,fitted_curve,14
11835,334934812,1.27,fitted_curve,14
12038,331888654,1.27,fitted_curve,13
12241,328995837,1.27,fitted_curve,13
12444,326245066,1.27,fitted_curve,13
12647,323626129,1.27,fitted_curve,12
12851,321129771,1.27,fitted_curve,12
13054,318747583,1.27,fitted_curve,12
13257,316471908,1.27,fitted_curve,12
13460,314295757,1.27,fitted_curve,11
13663,312212743,1.27,fitted_curve,11
13866,310217010,1.27,fitted_curve,11
14070,308303186,1.27,fitted_curve,11
14273,306466330,1.27,fitted_curve,10
14476,304701890,1.27,fitted_curve,10
14679,303005666,1.27,fitted_curve,10
14882,301373777,1.27,fitted_curve,10
15086,299802632,1.27,fitted_curve,10
15289,298288901,1.27,fitted_curve,10
15492,296829492,1.27,fitted_curve,9
15695,295421534,1.27,fitted_curve,9
15898,294062353,1.27,fitted_curve,9
16101,292749457,1.27,fitted_curve,9
16305,291480522,1.27,fitted_curve,9
16508,290253375,1.27,fitted_curve,9
16711,289065987,1.27,fitted_curve,8
16914,287916455,1.27,fitted_curve,8
17117,286802998,1.27,fitted_curve,8
17320,285723944,1.27,fitted_curve,8
17524,284677722,1.27,fitted_curve,8
17727,283662857,1.27,fitted_curve,8
17930,282677960,1.27,fitted_curve,8
18133,281721722,1.27,fitted_curve,8
18336,280792911,1.27,fitted_curve,7
18539,279890363,1.27,fitted_curve,7
18743,279012980,1.27,fitted_curve,7
18946,278159724,1.27,fitted_curve,7
19149,277329613,1.27,fitted_curve,7
19352,276521719,1.27,fitted_curve,7
19555,275735160,1.27,fitted_curve,7
19759,274969103,1.27,fitted_curve,7
19962,274222757,1.27,fitted_curve,7
20165,273495370,1.27,fitted_curve,7
20368,272786229,1.27,fitted_curve,7
20571,272094656,1.27,fitted_curve,6
20774,271420007,1.27,fitted_curve,6
20978,270761667,1.27,fitted_curve,6
21181,270119052,1.27,fitted_curve,6
21384,269491606,1.27,fitted_curve,6
21587,268878797,1.27,fitted_curve,6
21790,268280119,1.27,fitted_curve,6
21993,267695090,1.27,fitted_curve,6
22197,267123247,1.27,fitted_curve,6
22400,266564150,1.27,fitted_curve,6
22603,266017377,1.27,fitted_curve,6
22806,265482526,1.27,fitted_curve,6
23009,264959210,1.27,fitted_curve,6
23213,264447061,1.27,fitted_curve,6
23416,263945724,1.27,fitted_curve,6
23619,263454861,1.27,fitted_curve,5
23822,262974148,1.27,fitted_curve,5
24025,262503271,1.27,fitted_curve,5
24228,262041934,1.27,fitted_curve,5
24432,261589848,1.27,fitted_curve,5
24635,261146738,1.27,fitted_curve,5
24838,260712340,1.27,fitted_curve,5
25041,260286398,1.27,fitted_curve,5
25244,259868669,1.27,fitted_curve,5
25447,259458918,1.27,fitted_curve,5
25651,259056917,1.27,fitted_curve,5
25854,258662449,1.27,fitted_curve,5
26057,258275304,1.27,fitted_curve,5
26260,257895281,1.27,fitted_curve,5
26463,257522184,1.27,fitted_curve,5
26667,257155826,1.27,fitted_curve,5
26870,256796026,1.27,fitted_curve,5
27073,256442609,1.27,fitted_curve,5
27276,256095407,1.27,fitted_curve,5
27479,255754257,1.27,fitted_curve,5
27682,255419003,1.27,fitted_curve,5
27886,255089494,1.27,fitted_curve,4
28089,254765582,1.27,fitted_curve,4
28292,254447126,1.27,fitted_curve,4
28495,254133989,1.27,fitted_curve,4
28698,253826040,1.27,fitted_curve,4
28901,253523151,1.27,fitted_curve,4
29105,253225197,1.27,fitted_curve,4
29308,252932060,1.27,fitted_curve,4
29511,252643623,1.27,fitted_curve,4
29714,252359774,1.27,fitted_curve,4
29917,252080404,1.27,fitted_curve,4
30121,251805409,1.27,fitted_curve,4
30324,251534686,1.27,fitted_curve,4
30527,251268137,1.27,fitted_curve,4
30730,251005666,1.27,fitted_curve,4
30933,250747180,1.27,fitted_curve,4
31136,250492589,1.27,fitted_curve,4
31340,250241805,1.27,fitted_curve,4
31543,249994744,1.27,fitted_curve,4
31746,249751323,1.27,fitted_curve,4
31949,249511463,1.27,fitted_curve,4
32152,249275086,1.27,fitted_curve,4
32355,249042117,1.27,fitted_curve,4
32559,248812482,1.27,fitted_curve,4
32762,248586111,1.27,fitted_curve,4
32965,248362934,1.27,fitted_curve,4
33168,248142884,1.27,fitted_curve,4
33371,247925897,1.27,fitted_curve,4
33575,247711908,1.27,fitted_curve,4
33778,247500855,1.27,fitted_curve,4
33981,247292679,1.27,fitted_curve,4
34184,247087322,1.27,fitted_curve,4
34387,246884726,1.27,fitted_curve,4
34590,246684837,1.27,fitted_curve,3
34794,246487599,1.27,fitted_curve,3
34997,246292961,1.27,fitted_curve,3
35200,246100873,1.27,fitted_curve,3
35403,245911283,1.27,fitted_curve,3
35606,245724143,1.27,fitted_curve,3
35809,245539408,1.27,fitted_curve,3
36013,245357029,1.27,fitted_curve,3
36216,245176963,1.27,fitted_curve,3
36419,244999166,1.27,fitted_curve,3
36622,244823595,1.27,fitted_curve,3
36825,244650209,1.27,fitted_curve,3
37029,244478967,1.27,fitted_curve,3
37232,244309829,1.27,fitted_curve,3
37435,244142758,1.27,fitted_curve,3
37638,243977715,1.27,fitted_curve,3
37841,243814663,1.27,fitted_curve,3
38044,243653568,1.27,fitted_curve,3
38248,243494393,1.27,fitted_curve,3
38451,243337105,1.27,fitted_curve,3
38654,243181671,1.27,fitted_curve,3
38857,243028057,1.27,fitted_curve,3
39060,242876232,1.27,fitted_curve,3
39263,242726165,1.27,fitted_curve,3
39467,242577826,1.27,fitted_curve,3
39670,242431185,1.27,fitted_curve,3
39873,242286213,1.27,fitted_curve,3
40076,242142881,1.27,fitted_curve,3
40279,242001162,1.27,fitted_curve,3
40482,241861029,1.27,fitted_curve,3
40686,241722456,1.27,fitted_curve,3
40889,241585416,1.27,fitted_curve,3
41092,241449884,1.27,fitted_curve,3
41295,241315835,1.27,fitted_curve,3
41498,241183246,1.27,fitted_curve,3
41702,241052092,1.27,fitted_curve,3
41905,240922350,1.27,fitted_curve,3
42108,240793998,1.27,fitted_curve,3
42311,240667014,1.27,fitted_curve,3
42514,240541375,1.27,fitted_curve,3
42717,240417060,1.27,fitted_curve,3
42921,240294049,1.27,fitted_curve,3
43124,240172322,1.27,fitted_curve,3
43327,240051857,1.27,fitted_curve,3
43530,239932636,1.27,fitted_curve,3
43733,239814640,1.27,fitted_curve,3
43936,239697849,1.27,fitted_curve,3
44140,239582245,1.27,fitted_curve,3
44343,239467811,1.27,fitted_curve,3
44546,239354529,1.27,fitted_curve,3
44749,239242381,1.27,fitted_curve,3
44952,239131350,1.27,fitted_curve,3
45156,239021420,1.27,fitted_curve,3
45359,238912574,1.27,fitted_curve,3
45562,238804797,1.27,fitted_curve,3
45765,238698073,1.27,fitted_curve,3
45968,238592387,1.27,fitted_curve,3
46171,238487723,1.27,fitted_curve,3
46375,238384066,1.27,fitted_curve,3
46578,238281403,1.27,fitted_curve,2
46781,238179719,1.27,fitted_curve,2
46984,238079000,1.27,fitted_curve,2
47187,237979232,1.27,fitted_curve,2
47390,237880402,1.27,fitted_curve,2
47594,237782497,1.27,fitted_curve,2
47797,237685504,1.27,fitted_curve,2
48000,237589410,1.27,fitted_curve,2
8337,433910206,1.27,fitted_critical_point,25
12483,76697429,1.28,nn_data_point,3
11809,145120378,1.28,nn_data_point,6
5285,129886377,1.28,nn_data_point,12
6072,298486418,1.28,nn_data_point,24
4863,478071704,1.28,nn_data_point,48
4671,925621805,1.28,fitted_curve,97
4726,817097428,1.28,fitted_curve,84
4782,733143465,1.28,fitted_curve,75
4838,666264171,1.28,fitted_curve,67
4893,611731355,1.28,fitted_curve,61
4949,566415032,1.28,fitted_curve,56
5005,528160767,1.28,fitted_curve,52
5061,495437075,1.28,fitted_curve,48
5116,467125444,1.28,fitted_curve,45
5172,442389926,1.28,fitted_curve,42
5228,420593210,1.28,fitted_curve,39
5284,401240929,1.28,fitted_curve,37
5339,383943713,1.28,fitted_curve,35
5395,368390717,1.28,fitted_curve,33
5451,354330780,1.28,fitted_curve,32
5506,341558752,1.28,fitted_curve,30
5562,329905421,1.28,fitted_curve,29
5618,319229975,1.28,fitted_curve,28
5674,309414283,1.28,fitted_curve,27
5729,300358503,1.28,fitted_curve,26
5785,291977677,1.28,fitted_curve,25
5841,284199058,1.28,fitted_curve,24
5896,276959989,1.28,fitted_curve,23
5952,270206213,1.28,fitted_curve,22
6008,263890514,1.28,fitted_curve,21
6064,257971609,1.28,fitted_curve,21
6119,252413241,1.28,fitted_curve,20
6175,247183442,1.28,fitted_curve,20
6231,242253916,1.28,fitted_curve,19
6287,237599522,1.28,fitted_curve,18
6342,233197854,1.28,fitted_curve,18
6398,229028869,1.28,fitted_curve,17
6454,225074595,1.28,fitted_curve,17
6509,221318859,1.28,fitted_curve,17
6565,217747076,1.28,fitted_curve,16
6621,214346053,1.28,fitted_curve,16
6677,211103832,1.28,fitted_curve,15
6732,208009544,1.28,fitted_curve,15
6788,205053289,1.28,fitted_curve,15
6844,202226033,1.28,fitted_curve,14
6900,199519514,1.28,fitted_curve,14
6955,196926157,1.28,fitted_curve,14
7011,194439013,1.28,fitted_curve,14
7067,192051686,1.28,fitted_curve,13
7122,189758286,1.28,fitted_curve,13
7178,187553377,1.28,fitted_curve,13
7234,185431933,1.28,fitted_curve,13
7290,183389304,1.28,fitted_curve,12
7345,181421178,1.28,fitted_curve,12
7401,179523551,1.28,fitted_curve,12
7457,177692703,1.28,fitted_curve,12
7513,175925169,1.28,fitted_curve,11
7568,174217720,1.28,fitted_curve,11
7624,172567345,1.28,fitted_curve,11
7680,170971228,1.28,fitted_curve,11
7735,169426737,1.28,fitted_curve,11
7791,167931407,1.28,fitted_curve,11
7847,166482928,1.28,fitted_curve,10
7903,165079132,1.28,fitted_curve,10
7958,163717983,1.28,fitted_curve,10
8014,162397566,1.28,fitted_curve,10
8070,161116080,1.28,fitted_curve,10
8125,159871829,1.28,fitted_curve,10
8181,158663212,1.28,fitted_curve,9
8237,157488720,1.28,fitted_curve,9
8293,156346929,1.28,fitted_curve,9
8348,155236491,1.28,fitted_curve,9
8404,154156132,1.28,fitted_curve,9
8460,153104647,1.28,fitted_curve,9
8516,152080894,1.28,fitted_curve,9
8571,151083789,1.28,fitted_curve,9
8627,150112305,1.28,fitted_curve,8
8683,149165468,1.28,fitted_curve,8
8738,148242351,1.28,fitted_curve,8
8794,147342073,1.28,fitted_curve,8
8850,146463799,1.28,fitted_curve,8
8906,145606730,1.28,fitted_curve,8
8961,144770108,1.28,fitted_curve,8
9017,143953210,1.28,fitted_curve,8
9073,143155346,1.28,fitted_curve,8
9129,142375859,1.28,fitted_curve,8
9184,141614121,1.28,fitted_curve,8
9240,140869533,1.28,fitted_curve,7
9296,140141522,1.28,fitted_curve,7
9351,139429541,1.28,fitted_curve,7
9407,138733065,1.28,fitted_curve,7
9463,138051594,1.28,fitted_curve,7
9519,137384649,1.28,fitted_curve,7
9574,136731768,1.28,fitted_curve,7
9630,136092513,1.28,fitted_curve,7
9686,135466462,1.28,fitted_curve,7
9741,134853208,1.28,fitted_curve,7
9797,134252365,1.28,fitted_curve,7
9853,133663558,1.28,fitted_curve,7
9909,133086430,1.28,fitted_curve,7
9964,132520636,1.28,fitted_curve,6
10020,131965847,1.28,fitted_curve,6
10076,131421744,1.28,fitted_curve,6
10132,130888021,1.28,fitted_curve,6
10187,130364384,1.28,fitted_curve,6
10243,129850550,1.28,fitted_curve,6
10299,129346246,1.28,fitted_curve,6
10354,128851210,1.28,fitted_curve,6
10410,128365188,1.28,fitted_curve,6
10466,127887936,1.28,fitted_curve,6
10522,127419219,1.28,fitted_curve,6
10577,126958810,1.28,fitted_curve,6
10633,126506491,1.28,fitted_curve,6
10689,126062049,1.28,fitted_curve,6
10745,125625281,1.28,fitted_curve,6
10800,125195990,1.28,fitted_curve,6
10856,124773985,1.28,fitted_curve,6
10912,124359082,1.28,fitted_curve,6
10967,123951105,1.28,fitted_curve,6
11023,123549880,1.28,fitted_curve,5
11079,123155241,1.28,fitted_curve,5
11135,122767028,1.28,fitted_curve,5
11190,122385085,1.28,fitted_curve,5
11246,122009261,1.28,fitted_curve,5
11302,121639410,1.28,fitted_curve,5
11357,121275392,1.28,fitted_curve,5
11413,120917068,1.28,fitted_curve,5
11469,120564308,1.28,fitted_curve,5
11525,120216981,1.28,fitted_curve,5
11580,119874963,1.28,fitted_curve,5
11636,119538135,1.28,fitted_curve,5
11692,119206378,1.28,fitted_curve,5
11748,118879578,1.28,fitted_curve,5
11803,118557626,1.28,fitted_curve,5
11859,118240414,1.28,fitted_curve,5
11915,117927839,1.28,fitted_curve,5
11970,117619799,1.28,fitted_curve,5
12026,117316197,1.28,fitted_curve,5
12082,117016937,1.28,fitted_curve,5
12138,116721927,1.28,fitted_curve,5
12193,116431077,1.28,fitted_curve,5
12249,116144300,1.28,fitted_curve,5
12305,115861510,1.28,fitted_curve,5
12361,115582625,1.28,fitted_curve,5
12416,115307565,1.28,fitted_curve,5
12472,115036252,1.28,fitted_curve,5
12528,114768608,1.28,fitted_curve,4
12583,114504562,1.28,fitted_curve,4
12639,114244040,1.28,fitted_curve,4
12695,113986972,1.28,fitted_curve,4
12751,113733291,1.28,fitted_curve,4
12806,113482929,1.28,fitted_curve,4
12862,113235823,1.28,fitted_curve,4
12918,112991908,1.28,fitted_curve,4
12974,112751123,1.28,fitted_curve,4
13029,112513410,1.28,fitted_curve,4
13085,112278708,1.28,fitted_curve,4
13141,112046962,1.28,fitted_curve,4
13196,111818115,1.28,fitted_curve,4
13252,111592115,1.28,fitted_curve,4
13308,111368907,1.28,fitted_curve,4
13364,111148441,1.28,fitted_curve,4
13419,110930666,1.28,fitted_curve,4
13475,110715533,1.28,fitted_curve,4
13531,110502996,1.28,fitted_curve,4
13586,110293005,1.28,fitted_curve,4
13642,110085518,1.28,fitted_curve,4
13698,109880488,1.28,fitted_curve,4
13754,109677873,1.28,fitted_curve,4
13809,109477630,1.28,fitted_curve,4
13865,109279717,1.28,fitted_curve,4
13921,109084095,1.28,fitted_curve,4
13977,108890723,1.28,fitted_curve,4
14032,108699563,1.28,fitted_curve,4
14088,108510578,1.28,fitted_curve,4
14144,108323730,1.28,fitted_curve,4
14199,108138984,1.28,fitted_curve,4
14255,107956304,1.28,fitted_curve,4
14311,107775655,1.28,fitted_curve,4
14367,107597004,1.28,fitted_curve,4
14422,107420318,1.28,fitted_curve,4
14478,107245566,1.28,fitted_curve,4
14534,107072714,1.28,fitted_curve,4
14590,106901732,1.28,fitted_curve,4
14645,106732591,1.28,fitted_curve,4
14701,106565260,1.28,fitted_curve,4
14757,106399711,1.28,fitted_curve,4
14812,106235916,1.28,fitted_curve,4
14868,106073846,1.28,fitted_curve,3
14924,105913475,1.28,fitted_curve,3
14980,105754775,1.28,fitted_curve,3
8579,150939153,1.28,fitted_critical_point,9
6597,81070566,1.29,nn_data_point,6
2952,72560189,1.29,nn_data_point,12
2873,141253639,1.29,nn_data_point,24
2364,232402627,1.29,nn_data_point,48
2116,416152271,1.29,nn_data_point,96
1974,699820392,1.29,fitted_curve,173
2006,592703246,1.29,fitted_curve,144
2037,516128680,1.29,fitted_curve,124
2068,458663637,1.29,fitted_curve,108
2099,413948369,1.29,fitted_curve,96
2131,378163401,1.29,fitted_curve,87
2162,348876352,1.29,fitted_curve,79
2193,324464676,1.29,fitted_curve,72
2224,303804520,1.29,fitted_curve,67
2256,286092807,1.29,fitted_curve,62
2287,270740409,1.29,fitted_curve,58
2318,257305350,1.29,fitted_curve,54
2350,245449559,1.29,fitted_curve,51
2381,234910033,1.29,fitted_curve,48
2412,225479098,1.29,fitted_curve,46
2443,216990583,1.29,fitted_curve,43
2475,209309949,1.29,fitted_curve,41
2506,202327101,1.29,fitted_curve,39
2537,195951081,1.29,fitted_curve,38
2568,190106079,1.29,fitted_curve,36
2600,184728411,1.29,fitted_curve,35
2631,179764182,1.29,fitted_curve,33
2662,175167480,1.29,fitted_curve,32
2694,170898946,1.29,fitted_curve,31
2725,166924649,1.29,fitted_curve,30
2756,163215179,1.29,fitted_curve,29
2787,159744919,1.29,fitted_curve,28
2819,156491454,1.29,fitted_curve,27
2850,153435083,1.29,fitted_curve,26
2881,150558423,1.29,fitted_curve,26
2913,147846077,1.29,fitted_curve,25
2944,145284357,1.29,fitted_curve,24
2975,142861055,1.29,fitted_curve,23
3006,140565247,1.29,fitted_curve,23
3038,138387129,1.29,fitted_curve,22
3069,136317879,1.29,fitted_curve,22
3100,134349533,1.29,fitted_curve,21
3131,132474885,1.29,fitted_curve,21
3163,130687402,1.29,fitted_curve,20
3194,128981141,1.29,fitted_curve,20
3225,127350690,1.29,fitted_curve,19
3257,125791106,1.29,fitted_curve,19
3288,124297868,1.29,fitted_curve,18
3319,122866829,1.29,fitted_curve,18
3350,121494183,1.29,fitted_curve,18
3382,120176427,1.29,fitted_curve,17
3413,118910333,1.29,fitted_curve,17
3444,117692922,1.29,fitted_curve,17
3475,116521438,1.29,fitted_curve,16
3507,115393331,1.29,fitted_curve,16
3538,114306236,1.29,fitted_curve,16
3569,113257956,1.29,fitted_curve,15
3601,112246448,1.29,fitted_curve,15
3632,111269811,1.29,fitted_curve,15
3663,110326273,1.29,fitted_curve,15
3694,109414178,1.29,fitted_curve,14
3726,108531981,1.29,fitted_curve,14
3757,107678235,1.29,fitted_curve,14
3788,106851587,1.29,fitted_curve,14
3819,106050765,1.29,fitted_curve,14
3851,105274579,1.29,fitted_curve,13
3882,104521908,1.29,fitted_curve,13
3913,103791700,1.29,fitted_curve,13
3945,103082965,1.29,fitted_curve,13
3976,102394768,1.29,fitted_curve,13
4007,101726230,1.29,fitted_curve,12
4038,101076520,1.29,fitted_curve,12
4070,100444855,1.29,fitted_curve,12
4101,99830491,1.29,fitted_curve,12
4132,99232729,1.29,fitted_curve,12
4163,98650905,1.29,fitted_curve,12
4195,98084388,1.29,fitted_curve,11
4226,97532584,1.29,fitted_curve,11
4257,96994925,1.29,fitted_curve,11
4289,96470876,1.29,fitted_curve,11
4320,95959926,1.29,fitted_curve,11
4351,95461590,1.29,fitted_curve,11
4382,94975406,1.29,fitted_curve,11
4414,94500935,1.29,fitted_curve,10
4445,94037759,1.29,fitted_curve,10
4476,93585480,1.29,fitted_curve,10
4507,93143717,1.29,fitted_curve,10
4539,92712108,1.29,fitted_curve,10
4570,92290307,1.29,fitted_curve,10
4601,91877983,1.29,fitted_curve,10
4633,91474820,1.29,fitted_curve,10
4664,91080516,1.29,fitted_curve,10
4695,90694783,1.29,fitted_curve,9
4726,90317344,1.29,fitted_curve,9
4758,89947934,1.29,fitted_curve,9
4789,89586301,1.29,fitted_curve,9
4820,89232200,1.29,fitted_curve,9
4852,88885399,1.29,fitted_curve,9
4883,88545675,1.29,fitted_curve,9
4914,88212812,1.29,fitted_curve,9
4945,87886606,1.29,fitted_curve,9
4977,87566859,1.29,fitted_curve,9
5008,87253381,1.29,fitted_curve,9
5039,86945988,1.29,fitted_curve,8
5070,86644506,1.29,fitted_curve,8
5102,86348766,1.29,fitted_curve,8
5133,86058605,1.29,fitted_curve,8
5164,85773867,1.29,fitted_curve,8
5196,85494401,1.29,fitted_curve,8
5227,85220062,1.29,fitted_curve,8
5258,84950711,1.29,fitted_curve,8
5289,84686212,1.29,fitted_curve,8
5321,84426436,1.29,fitted_curve,8
5352,84171257,1.29,fitted_curve,8
5383,83920554,1.29,fitted_curve,8
5414,83674211,1.29,fitted_curve,8
5446,83432114,1.29,fitted_curve,7
5477,83194156,1.29,fitted_curve,7
5508,82960230,1.29,fitted_curve,7
5540,82730235,1.29,fitted_curve,7
5571,82504073,1.29,fitted_curve,7
5602,82281649,1.29,fitted_curve,7
5633,82062870,1.29,fitted_curve,7
5665,81847649,1.29,fitted_curve,7
5696,81635899,1.29,fitted_curve,7
5727,81427536,1.29,fitted_curve,7
5758,81222480,1.29,fitted_curve,7
5790,81020653,1.29,fitted_curve,7
5821,80821979,1.29,fitted_curve,7
5852,80626385,1.29,fitted_curve,7
5884,80433800,1.29,fitted_curve,7
5915,80244154,1.29,fitted_curve,7
5946,80057382,1.29,fitted_curve,7
5977,79873418,1.29,fitted_curve,7
6009,79692200,1.29,fitted_curve,6
6040,79513666,1.29,fitted_curve,6
6071,79337757,1.29,fitted_curve,6
6102,79164416,1.29,fitted_curve,6
6134,78993587,1.29,fitted_curve,6
6165,78825216,1.29,fitted_curve,6
6196,78659250,1.29,fitted_curve,6
6228,78495637,1.29,fitted_curve,6
6259,78334329,1.29,fitted_curve,6
6290,78175276,1.29,fitted_curve,6
6321,78018433,1.29,fitted_curve,6
6353,77863752,1.29,fitted_curve,6
6384,77711191,1.29,fitted_curve,6
6415,77560705,1.29,fitted_curve,6
6447,77412252,1.29,fitted_curve,6
6478,77265791,1.29,fitted_curve,6
6509,77121284,1.29,fitted_curve,6
6540,76978690,1.29,fitted_curve,6
6572,76837972,1.29,fitted_curve,6
6603,76699093,1.29,fitted_curve,6
6634,76562018,1.29,fitted_curve,6
6665,76426711,1.29,fitted_curve,6
6697,76293139,1.29,fitted_curve,6
6728,76161269,1.29,fitted_curve,6
6759,76031067,1.29,fitted_curve,5
6791,75902503,1.29,fitted_curve,5
6822,75775546,1.29,fitted_curve,5
6853,75650166,1.29,fitted_curve,5
6884,75526334,1.29,fitted_curve,5
6916,75404021,1.29,fitted_curve,5
6947,75283199,1.29,fitted_curve,5
6978,75163842,1.29,fitted_curve,5
7009,75045923,1.29,fitted_curve,5
7041,74929416,1.29,fitted_curve,5
7072,74814295,1.29,fitted_curve,5
7103,74700537,1.29,fitted_curve,5
7135,74588117,1.29,fitted_curve,5
7166,74477012,1.29,fitted_curve,5
7197,74367199,1.29,fitted_curve,5
7228,74258655,1.29,fitted_curve,5
7260,74151359,1.29,fitted_curve,5
7291,74045289,1.29,fitted_curve,5
7322,73940424,1.29,fitted_curve,5
7353,73836744,1.29,fitted_curve,5
7385,73734228,1.29,fitted_curve,5
7416,73632858,1.29,fitted_curve,5
7447,73532615,1.29,fitted_curve,5
7479,73433479,1.29,fitted_curve,5
7510,73335432,1.29,fitted_curve,5
7541,73238457,1.29,fitted_curve,5
7572,73142535,1.29,fitted_curve,5
7604,73047651,1.29,fitted_curve,5
7635,72953787,1.29,fitted_curve,5
7666,72860926,1.29,fitted_curve,5
7697,72769054,1.29,fitted_curve,5
7729,72678153,1.29,fitted_curve,5
7760,72588209,1.29,fitted_curve,5
7791,72499207,1.29,fitted_curve,5
7823,72411132,1.29,fitted_curve,5
7854,72323970,1.29,fitted_curve,4
7885,72237706,1.29,fitted_curve,4
7916,72152327,1.29,fitted_curve,4
3635,111175125,1.29,fitted_critical_point,15
3685,45289550,1.3,nn_data_point,6
1695,41674885,1.3,nn_data_point,12
1322,65019026,1.3,nn_data_point,24
1149,112976737,1.3,nn_data_point,48
1249,245661637,1.3,nn_data_point,96
947,372442860,1.3,nn_data_point,192
979,554165596,1.3,fitted_curve,277
997,437757139,1.3,fitted_curve,214
1015,364056779,1.3,fitted_curve,175
1034,313204451,1.3,fitted_curve,148
1052,276001275,1.3,fitted_curve,128
1071,247602175,1.3,fitted_curve,113
1089,225212607,1.3,fitted_curve,101
1107,207107568,1.3,fitted_curve,91
1126,192164608,1.3,fitted_curve,83
1144,179621863,1.3,fitted_curve,77
1163,168944022,1.3,fitted_curve,71
1181,159743945,1.3,fitted_curve,66
1200,151734712,1.3,fitted_curve,62
1218,144699165,1.3,fitted_curve,58
1236,138469923,1.3,fitted_curve,55
1255,132915888,1.3,fitted_curve,52
1273,127932922,1.3,fitted_curve,49
1292,123437255,1.3,fitted_curve,47
1310,119360738,1.3,fitted_curve,44
1328,115647364,1.3,fitted_curve,43
1347,112250677,1.3,fitted_curve,41
1365,109131822,1.3,fitted_curve,39
1384,106258051,1.3,fitted_curve,37
1402,103601567,1.3,fitted_curve,36
1421,101138624,1.3,fitted_curve,35
1439,98848815,1.3,fitted_curve,34
1457,96714504,1.3,fitted_curve,32
1476,94720371,1.3,fitted_curve,31
1494,92853045,1.3,fitted_curve,30
1513,91100804,1.3,fitted_curve,29
1531,89453327,1.3,fitted_curve,29
1549,87901490,1.3,fitted_curve,28
1568,86437201,1.3,fitted_curve,27
1586,85053254,1.3,fitted_curve,26
1605,83743213,1.3,fitted_curve,25
1623,82501313,1.3,fitted_curve,25
1641,81322371,1.3,fitted_curve,24
1660,80201718,1.3,fitted_curve,24
1678,79135136,1.3,fitted_curve,23
1697,78118804,1.3,fitted_curve,22
1715,77149252,1.3,fitted_curve,22
1734,76223323,1.3,fitted_curve,21
1752,75338138,1.3,fitted_curve,21
1770,74491065,1.3,fitted_curve,21
1789,73679695,1.3,fitted_curve,20
1807,72901817,1.3,fitted_curve,20
1826,72155399,1.3,fitted_curve,19
1844,71438571,1.3,fitted_curve,19
1862,70749608,1.3,fitted_curve,19
1881,70086915,1.3,fitted_curve,18
1899,69449018,1.3,fitted_curve,18
1918,68834551,1.3,fitted_curve,18
1936,68242246,1.3,fitted_curve,17
1955,67670926,1.3,fitted_curve,17
1973,67119495,1.3,fitted_curve,17
1991,66586931,1.3,fitted_curve,16
2010,66072284,1.3,fitted_curve,16
2028,65574664,1.3,fitted_curve,16
2047,65093239,1.3,fitted_curve,16
2065,64627232,1.3,fitted_curve,15
2083,64175913,1.3,fitted_curve,15
2102,63738600,1.3,fitted_curve,15
2120,63314649,1.3,fitted_curve,15
2139,62903458,1.3,fitted_curve,14
2157,62504459,1.3,fitted_curve,14
2175,62117119,1.3,fitted_curve,14
2194,61740932,1.3,fitted_curve,14
2212,61375425,1.3,fitted_curve,14
2231,61020149,1.3,fitted_curve,13
2249,60674680,1.3,fitted_curve,13
2268,60338617,1.3,fitted_curve,13
2286,60011583,1.3,fitted_curve,13
2304,59693217,1.3,fitted_curve,13
2323,59383180,1.3,fitted_curve,12
2341,59081149,1.3,fitted_curve,12
2360,58786818,1.3,fitted_curve,12
2378,58499895,1.3,fitted_curve,12
2396,58220106,1.3,fitted_curve,12
2415,57947187,1.3,fitted_curve,12
2433,57680887,1.3,fitted_curve,12
2452,57420970,1.3,fitted_curve,11
2470,57167209,1.3,fitted_curve,11
2489,56919386,1.3,fitted_curve,11
2507,56677297,1.3,fitted_curve,11
2525,56440745,1.3,fitted_curve,11
2544,56209541,1.3,fitted_curve,11
2562,55983506,1.3,fitted_curve,11
2581,55762470,1.3,fitted_curve,11
2599,55546267,1.3,fitted_curve,10
2617,55334742,1.3,fitted_curve,10
2636,55127744,1.3,fitted_curve,10
2654,54925128,1.3,fitted_curve,10
2673,54726758,1.3,fitted_curve,10
2691,54532502,1.3,fitted_curve,10
2709,54342232,1.3,fitted_curve,10
2728,54155828,1.3,fitted_curve,10
2746,53973172,1.3,fitted_curve,10
2765,53794153,1.3,fitted_curve,10
2783,53618663,1.3,fitted_curve,9
2802,53446599,1.3,fitted_curve,9
2820,53277861,1.3,fitted_curve,9
2838,53112354,1.3,fitted_curve,9
2857,52949986,1.3,fitted_curve,9
2875,52790669,1.3,fitted_curve,9
2894,52634317,1.3,fitted_curve,9
2912,52480849,1.3,fitted_curve,9
2930,52330185,1.3,fitted_curve,9
2949,52182249,1.3,fitted_curve,9
2967,52036968,1.3,fitted_curve,9
2986,51894270,1.3,fitted_curve,8
3004,51754089,1.3,fitted_curve,8
3023,51616356,1.3,fitted_curve,8
3041,51481010,1.3,fitted_curve,8
3059,51347988,1.3,fitted_curve,8
3078,51217232,1.3,fitted_curve,8
3096,51088683,1.3,fitted_curve,8
3115,50962287,1.3,fitted_curve,8
3133,50837989,1.3,fitted_curve,8
3151,50715738,1.3,fitted_curve,8
3170,50595484,1.3,fitted_curve,8
3188,50477178,1.3,fitted_curve,8
3207,50360773,1.3,fitted_curve,8
3225,50246224,1.3,fitted_curve,8
3243,50133487,1.3,fitted_curve,8
3262,50022519,1.3,fitted_curve,7
3280,49913279,1.3,fitted_curve,7
3299,49805726,1.3,fitted_curve,7
3317,49699823,1.3,fitted_curve,7
3336,49595531,1.3,fitted_curve,7
3354,49492813,1.3,fitted_curve,7
3372,49391635,1.3,fitted_curve,7
3391,49291962,1.3,fitted_curve,7
3409,49193760,1.3,fitted_curve,7
3428,49096998,1.3,fitted_curve,7
3446,49001644,1.3,fitted_curve,7
3464,48907668,1.3,fitted_curve,7
3483,48815039,1.3,fitted_curve,7
3501,48723729,1.3,fitted_curve,7
3520,48633711,1.3,fitted_curve,7
3538,48544956,1.3,fitted_curve,7
3557,48457438,1.3,fitted_curve,7
3575,48371132,1.3,fitted_curve,7
3593,48286013,1.3,fitted_curve,7
3612,48202057,1.3,fitted_curve,7
3630,48119239,1.3,fitted_curve,6
3649,48037537,1.3,fitted_curve,6
3667,47956928,1.3,fitted_curve,6
3685,47877391,1.3,fitted_curve,6
3704,47798904,1.3,fitted_curve,6
3722,47721447,1.3,fitted_curve,6
3741,47645000,1.3,fitted_curve,6
3759,47569542,1.3,fitted_curve,6
3778,47495055,1.3,fitted_curve,6
3796,47421520,1.3,fitted_curve,6
3814,47348920,1.3,fitted_curve,6
3833,47277235,1.3,fitted_curve,6
3851,47206450,1.3,fitted_curve,6
3870,47136548,1.3,fitted_curve,6
3888,47067511,1.3,fitted_curve,6
3906,46999324,1.3,fitted_curve,6
3925,46931971,1.3,fitted_curve,6
3943,46865438,1.3,fitted_curve,6
3962,46799709,1.3,fitted_curve,6
3980,46734769,1.3,fitted_curve,6
3998,46670605,1.3,fitted_curve,6
4017,46607204,1.3,fitted_curve,6
4035,46544550,1.3,fitted_curve,6
4054,46482631,1.3,fitted_curve,6
4072,46421435,1.3,fitted_curve,6
4091,46360949,1.3,fitted_curve,6
4109,46301160,1.3,fitted_curve,6
4127,46242056,1.3,fitted_curve,5
4146,46183626,1.3,fitted_curve,5
4164,46125859,1.3,fitted_curve,5
4183,46068742,1.3,fitted_curve,5
4201,46012266,1.3,fitted_curve,5
4219,45956419,1.3,fitted_curve,5
4238,45901191,1.3,fitted_curve,5
4256,45846572,1.3,fitted_curve,5
4275,45792551,1.3,fitted_curve,5
4293,45739119,1.3,fitted_curve,5
4312,45686267,1.3,fitted_curve,5
4330,45633985,1.3,fitted_curve,5
4348,45582264,1.3,fitted_curve,5
4367,45531094,1.3,fitted_curve,5
4385,45480467,1.3,fitted_curve,5
4404,45430375,1.3,fitted_curve,5
4422,45380809,1.3,fitted_curve,5
1830,71980914,1.3,fitted_critical_point,19
558,54920821,1.31,nn_data_point,48
758,149097571,1.31,nn_data_point,96
642,252572170,1.31,nn_data_point,192
467,367714762,1.31,nn_data_point,384
303,477314433,1.31,nn_data_point,769
323,892569612,1.31,fitted_curve,1350
326,771615781,1.31,fitted_curve,1155
330,681185190,1.31,fitted_curve,1009
333,611018341,1.31,fitted_curve,896
336,554990395,1.31,fitted_curve,806
340,509218943,1.31,fitted_curve,732
343,471123814,1.31,fitted_curve,671
346,438923318,1.31,fitted_curve,619
350,411347549,1.31,fitted_curve,574
353,387466937,1.31,fitted_curve,536
356,366585392,1.31,fitted_curve,502
360,348171333,1.31,fitted_curve,473
363,331811800,1.31,fitted_curve,446
366,317181115,1.31,fitted_curve,423
370,304018979,1.31,fitted_curve,401
373,292114851,1.31,fitted_curve,382
377,281296601,1.31,fitted_curve,365
380,271422131,1.31,fitted_curve,349
383,262373100,1.31,fitted_curve,334
387,254050160,1.31,fitted_curve,321
390,246369289,1.31,fitted_curve,309
393,239258949,1.31,fitted_curve,297
397,232657848,1.31,fitted_curve,286
400,226513169,1.31,fitted_curve,277
403,220779158,1.31,fitted_curve,267
407,215415976,1.31,fitted_curve,259
410,210388776,1.31,fitted_curve,251
413,205666946,1.31,fitted_curve,243
417,201223482,1.31,fitted_curve,236
420,197034473,1.31,fitted_curve,229
423,193078669,1.31,fitted_curve,223
427,189337126,1.31,fitted_curve,217
430,185792893,1.31,fitted_curve,211
434,182430764,1.31,fitted_curve,205
437,179237056,1.31,fitted_curve,200
440,176199423,1.31,fitted_curve,195
444,173306696,1.31,fitted_curve,191
447,170548749,1.31,fitted_curve,186
450,167916376,1.31,fitted_curve,182
454,165401192,1.31,fitted_curve,178
457,162995541,1.31,fitted_curve,174
460,160692422,1.31,fitted_curve,170
464,158485415,1.31,fitted_curve,167
467,156368627,1.31,fitted_curve,163
470,154336638,1.31,fitted_curve,160
474,152384451,1.31,fitted_curve,157
477,150507456,1.31,fitted_curve,154
480,148701391,1.31,fitted_curve,151
484,146962310,1.31,fitted_curve,148
487,145286554,1.31,fitted_curve,146
491,143670727,1.31,fitted_curve,143
494,142111669,1.31,fitted_curve,141
497,140606442,1.31,fitted_curve,138
501,139152303,1.31,fitted_curve,136
504,137746697,1.31,fitted_curve,133
507,136387232,1.31,fitted_curve,131
511,135071674,1.31,fitted_curve,129
514,133797929,1.31,fitted_curve,127
517,132564035,1.31,fitted_curve,125
521,131368151,1.31,fitted_curve,123
524,130208547,1.31,fitted_curve,121
527,129083596,1.31,fitted_curve,120
531,127991769,1.31,fitted_curve,118
534,126931623,1.31,fitted_curve,116
537,125901799,1.31,fitted_curve,114
541,124901015,1.31,fitted_curve,113
544,123928059,1.31,fitted_curve,111
548,122981787,1.31,fitted_curve,110
551,122061115,1.31,fitted_curve,108
554,121165019,1.31,fitted_curve,107
558,120292528,1.31,fitted_curve,105
561,119442721,1.31,fitted_curve,104
564,118614725,1.31,fitted_curve,103
568,117807711,1.31,fitted_curve,101
571,117020891,1.31,fitted_curve,100
574,116253516,1.31,fitted_curve,99
578,115504875,1.31,fitted_curve,98
581,114774289,1.31,fitted_curve,96
584,114061114,1.31,fitted_curve,95
588,113364735,1.31,fitted_curve,94
591,112684564,1.31,fitted_curve,93
594,112020043,1.31,fitted_curve,92
598,111370637,1.31,fitted_curve,91
601,110735837,1.31,fitted_curve,90
604,110115156,1.31,fitted_curve,89
608,109508127,1.31,fitted_curve,88
611,108914305,1.31,fitted_curve,87
615,108333263,1.31,fitted_curve,86
618,107764594,1.31,fitted_curve,85
621,107207906,1.31,fitted_curve,84
625,106662826,1.31,fitted_curve,83
628,106128992,1.31,fitted_curve,83
631,105606061,1.31,fitted_curve,82
635,105093703,1.31,fitted_curve,81
638,104591599,1.31,fitted_curve,80
641,104099446,1.31,fitted_curve,79
645,103616949,1.31,fitted_curve,78
648,103143829,1.31,fitted_curve,78
651,102679813,1.31,fitted_curve,77
655,102224642,1.31,fitted_curve,76
658,101778065,1.31,fitted_curve,76
661,101339841,1.31,fitted_curve,75
665,100909738,1.31,fitted_curve,74
668,100487532,1.31,fitted_curve,73
672,100073008,1.31,fitted_curve,73
675,99665958,1.31,fitted_curve,72
678,99266181,1.31,fitted_curve,71
682,98873485,1.31,fitted_curve,71
685,98487683,1.31,fitted_curve,70
688,98108594,1.31,fitted_curve,70
692,97736046,1.31,fitted_curve,69
695,97369871,1.31,fitted_curve,68
698,97009905,1.31,fitted_curve,68
702,96655993,1.31,fitted_curve,67
705,96307984,1.31,fitted_curve,67
708,95965730,1.31,fitted_curve,66
712,95629090,1.31,fitted_curve,66
715,95297928,1.31,fitted_curve,65
718,94972110,1.31,fitted_curve,65
722,94651508,1.31,fitted_curve,64
725,94335998,1.31,fitted_curve,64
729,94025460,1.31,fitted_curve,63
732,93719777,1.31,fitted_curve,63
735,93418836,1.31,fitted_curve,62
739,93122527,1.31,fitted_curve,62
742,92830745,1.31,fitted_curve,61
745,92543386,1.31,fitted_curve,61
749,92260351,1.31,fitted_curve,60
752,91981542,1.31,fitted_curve,60
755,91706866,1.31,fitted_curve,59
759,91436232,1.31,fitted_curve,59
762,91169551,1.31,fitted_curve,58
765,90906737,1.31,fitted_curve,58
769,90647706,1.31,fitted_curve,58
772,90392378,1.31,fitted_curve,57
775,90140674,1.31,fitted_curve,57
779,89892516,1.31,fitted_curve,56
782,89647831,1.31,fitted_curve,56
786,89406546,1.31,fitted_curve,56
789,89168591,1.31,fitted_curve,55
792,88933897,1.31,fitted_curve,55
796,88702398,1.31,fitted_curve,54
799,88474029,1.31,fitted_curve,54
802,88248727,1.31,fitted_curve,54
806,88026430,1.31,fitted_curve,53
809,87807079,1.31,fitted_curve,53
812,87590616,1.31,fitted_curve,53
816,87376984,1.31,fitted_curve,52
819,87166127,1.31,fitted_curve,52
822,86957993,1.31,fitted_curve,52
826,86752528,1.31,fitted_curve,51
829,86549682,1.31,fitted_curve,51
832,86349405,1.31,fitted_curve,51
836,86151648,1.31,fitted_curve,50
839,85956364,1.31,fitted_curve,50
843,85763507,1.31,fitted_curve,50
846,85573033,1.31,fitted_curve,49
849,85384896,1.31,fitted_curve,49
853,85199055,1.31,fitted_curve,49
856,85015467,1.31,fitted_curve,48
859,84834093,1.31,fitted_curve,48
863,84654891,1.31,fitted_curve,48
866,84477824,1.31,fitted_curve,48
869,84302853,1.31,fitted_curve,47
873,84129942,1.31,fitted_curve,47
876,83959054,1.31,fitted_curve,47
879,83790154,1.31,fitted_curve,47
883,83623207,1.31,fitted_curve,46
886,83458180,1.31,fitted_curve,46
889,83295040,1.31,fitted_curve,46
893,83133754,1.31,fitted_curve,45
896,82974292,1.31,fitted_curve,45
900,82816622,1.31,fitted_curve,45
903,82660714,1.31,fitted_curve,45
906,82506540,1.31,fitted_curve,44
910,82354070,1.31,fitted_curve,44
606,109841642,1.31,fitted_critical_point,89
447,88014786,1.32,nn_data_point,96
423,166595468,1.32,nn_data_point,192
283,222981669,1.32,nn_data_point,385
249,393111879,1.32,nn_data_point,771
230,763975638,1.32,fitted_curve,1624
231,710102219,1.32,fitted_curve,1498
233,663962206,1.32,fitted_curve,1391
235,624001940,1.32,fitted_curve,1298
236,589057822,1.32,fitted_curve,1216
238,558241129,1.32,fitted_curve,1144
240,530861372,1.32,fitted_curve,1081
242,506373947,1.32,fitted_curve,1024
243,484343538,1.32,fitted_curve,972
245,464418014,1.32,fitted_curve,926
247,446309464,1.32,fitted_curve,884
248,429780195,1.32,fitted_curve,845
250,414632241,1.32,fitted_curve,810
252,400699396,1.32,fitted_curve,777
253,387841093,1.32,fitted_curve,747
255,375937638,1.32,fitted_curve,720
257,364886480,1.32,fitted_curve,694
259,354599245,1.32,fitted_curve,670
260,344999368,1.32,fitted_curve,647
262,336020187,1.32,fitted_curve,626
264,327603389,1.32,fitted_curve,607
265,319697742,1.32,fitted_curve,588
267,312258057,1.32,fitted_curve,571
269,305244316,1.32,fitted_curve,555
270,298620958,1.32,fitted_curve,539
272,292356272,1.32,fitted_curve,525
274,286421891,1.32,fitted_curve,511
275,280792365,1.32,fitted_curve,498
277,275444789,1.32,fitted_curve,485
279,270358500,1.32,fitted_curve,473
281,265514804,1.32,fitted_curve,462
282,260896750,1.32,fitted_curve,451
284,256488929,1.32,fitted_curve,441
286,252277305,1.32,fitted_curve,431
287,248249064,1.32,fitted_curve,422
289,244392483,1.32,fitted_curve,413
291,240696818,1.32,fitted_curve,404
292,237152205,1.32,fitted_curve,396
294,233749567,1.32,fitted_curve,388
296,230480543,1.32,fitted_curve,380
297,227337414,1.32,fitted_curve,373
299,224313044,1.32,fitted_curve,366
301,221400827,1.32,fitted_curve,359
303,218594639,1.32,fitted_curve,353
304,215888793,1.32,fitted_curve,346
306,213278002,1.32,fitted_curve,340
308,210757342,1.32,fitted_curve,335
309,208322226,1.32,fitted_curve,329
311,205968371,1.32,fitted_curve,323
313,203691778,1.32,fitted_curve,318
314,201488702,1.32,fitted_curve,313
316,199355641,1.32,fitted_curve,308
318,197289308,1.32,fitted_curve,303
320,195286620,1.32,fitted_curve,298
321,193344682,1.32,fitted_curve,294
323,191460771,1.32,fitted_curve,290
325,189632323,1.32,fitted_curve,285
326,187856926,1.32,fitted_curve,281
328,186132304,1.32,fitted_curve,277
330,184456308,1.32,fitted_curve,273
331,182826911,1.32,fitted_curve,269
333,181242197,1.32,fitted_curve,266
335,179700352,1.32,fitted_curve,262
336,178199660,1.32,fitted_curve,259
338,176738494,1.32,fitted_curve,255
340,175315314,1.32,fitted_curve,252
342,173928658,1.32,fitted_curve,249
343,172577136,1.32,fitted_curve,246
345,171259431,1.32,fitted_curve,242
347,169974289,1.32,fitted_curve,239
348,168720518,1.32,fitted_curve,237
350,167496983,1.32,fitted_curve,234
352,166302603,1.32,fitted_curve,231
353,165136348,1.32,fitted_curve,228
355,163997237,1.32,fitted_curve,226
357,162884332,1.32,fitted_curve,223
358,161796740,1.32,fitted_curve,220
360,160733607,1.32,fitted_curve,218
362,159694117,1.32,fitted_curve,215
364,158677490,1.32,fitted_curve,213
365,157682979,1.32,fitted_curve,211
367,156709871,1.32,fitted_curve,209
369,155757483,1.32,fitted_curve,206
370,154825159,1.32,fitted_curve,204
372,153912272,1.32,fitted_curve,202
374,153018220,1.32,fitted_curve,200
375,152142427,1.32,fitted_curve,198
377,151284339,1.32,fitted_curve,196
379,150443424,1.32,fitted_curve,194
381,149619172,1.32,fitted_curve,192
382,148811093,1.32,fitted_curve,190
384,148018715,1.32,fitted_curve,188
386,147241584,1.32,fitted_curve,186
387,146479266,1.32,fitted_curve,185
389,145731340,1.32,fitted_curve,183
391,144997403,1.32,fitted_curve,181
392,144277065,1.32,fitted_curve,180
394,143569953,1.32,fitted_curve,178
396,142875706,1.32,fitted_curve,176
397,142193975,1.32,fitted_curve,175
399,141524425,1.32,fitted_curve,173
401,140866733,1.32,fitted_curve,172
403,140220586,1.32,fitted_curve,170
404,139585683,1.32,fitted_curve,169
406,138961733,1.32,fitted_curve,167
408,138348455,1.32,fitted_curve,166
409,137745577,1.32,fitted_curve,164
411,137152838,1.32,fitted_curve,163
413,136569983,1.32,fitted_curve,162
414,135996767,1.32,fitted_curve,160
416,135432953,1.32,fitted_curve,159
418,134878313,1.32,fitted_curve,158
419,134332622,1.32,fitted_curve,156
421,133795668,1.32,fitted_curve,155
423,133267241,1.32,fitted_curve,154
425,132747141,1.32,fitted_curve,153
426,132235171,1.32,fitted_curve,151
428,131731143,1.32,fitted_curve,150
430,131234873,1.32,fitted_curve,149
431,130746184,1.32,fitted_curve,148
433,130264903,1.32,fitted_curve,147
435,129790863,1.32,fitted_curve,146
436,129323901,1.32,fitted_curve,145
438,128863861,1.32,fitted_curve,144
440,128410590,1.32,fitted_curve,143
442,127963939,1.32,fitted_curve,142
443,127523765,1.32,fitted_curve,140
445,127089926,1.32,fitted_curve,139
447,126662289,1.32,fitted_curve,138
448,126240720,1.32,fitted_curve,138
450,125825092,1.32,fitted_curve,137
452,125415279,1.32,fitted_curve,136
453,125011161,1.32,fitted_curve,135
455,124612620,1.32,fitted_curve,134
457,124219540,1.32,fitted_curve,133
458,123831811,1.32,fitted_curve,132
460,123449324,1.32,fitted_curve,131
462,123071974,1.32,fitted_curve,130
464,122699657,1.32,fitted_curve,129
465,122332273,1.32,fitted_curve,128
467,121969726,1.32,fitted_curve,128
469,121611920,1.32,fitted_curve,127
470,121258763,1.32,fitted_curve,126
472,120910164,1.32,fitted_curve,125
474,120566037,1.32,fitted_curve,124
475,120226295,1.32,fitted_curve,123
477,119890856,1.32,fitted_curve,123
479,119559638,1.32,fitted_curve,122
480,119232562,1.32,fitted_curve,121
482,118909551,1.32,fitted_curve,120
484,118590529,1.32,fitted_curve,120
486,118275423,1.32,fitted_curve,119
487,117964161,1.32,fitted_curve,118
489,117656674,1.32,fitted_curve,117
491,117352893,1.32,fitted_curve,117
492,117052752,1.32,fitted_curve,116
494,116756185,1.32,fitted_curve,115
496,116463129,1.32,fitted_curve,115
497,116173523,1.32,fitted_curve,114
499,115887304,1.32,fitted_curve,113
501,115604416,1.32,fitted_curve,113
503,115324799,1.32,fitted_curve,112
504,115048397,1.32,fitted_curve,111
506,114775155,1.32,fitted_curve,111
508,114505019,1.32,fitted_curve,110
509,114237937,1.32,fitted_curve,110
511,113973857,1.32,fitted_curve,109
513,113712729,1.32,fitted_curve,108
514,113454503,1.32,fitted_curve,108
516,113199132,1.32,fitted_curve,107
518,112946568,1.32,fitted_curve,107
519,112696765,1.32,fitted_curve,106
521,112449679,1.32,fitted_curve,105
523,112205265,1.32,fitted_curve,105
525,111963479,1.32,fitted_curve,104
526,111724281,1.32,fitted_curve,104
528,111487628,1.32,fitted_curve,103
530,111253481,1.32,fitted_curve,103
531,111021798,1.32,fitted_curve,102
533,110792543,1.32,fitted_curve,101
535,110565677,1.32,fitted_curve,101
536,110341162,1.32,fitted_curve,100
419,134498984,1.32,fitted_critical_point,157
271,53418153,1.33,nn_data_point,96
287,112976737,1.33,nn_data_point,192
171,135215742,1.33,nn_data_point,386
203,319306066,1.33,nn_data_point,768
183,602548521,1.33,fitted_curve,1610
184,560683879,1.33,fitted_curve,1490
185,524643592,1.33,fitted_curve,1386
186,493291254,1.33,fitted_curve,1296
187,465768042,1.33,fitted_curve,1217
188,441412838,1.33,fitted_curve,1147
189,419708437,1.33,fitted_curve,1085
190,400244408,1.33,fitted_curve,1029
191,382690891,1.33,fitted_curve,978
192,366779753,1.33,fitted_curve,932
193,352290794,1.33,fitted_curve,891
194,339041494,1.33,fitted_curve,853
195,326879285,1.33,fitted_curve,818
196,315675646,1.33,fitted_curve,785
197,305321549,1.33,fitted_curve,756
198,295723895,1.33,fitted_curve,728
199,286802712,1.33,fitted_curve,702
200,278488913,1.33,fitted_curve,678
201,270722512,1.33,fitted_curve,656
203,263451169,1.33,fitted_curve,635
204,256629011,1.33,fitted_curve,616
205,250215662,1.33,fitted_curve,597
206,244175447,1.33,fitted_curve,580
207,238476720,1.33,fitted_curve,563
208,233091319,1.33,fitted_curve,548
209,227994095,1.33,fitted_curve,533
210,223162520,1.33,fitted_curve,519
211,218576353,1.33,fitted_curve,506
212,214217360,1.33,fitted_curve,494
213,210069071,1.33,fitted_curve,482
214,206116568,1.33,fitted_curve,470
215,202346309,1.33,fitted_curve,459
216,198745975,1.33,fitted_curve,449
217,195304331,1.33,fitted_curve,439
218,192011112,1.33,fitted_curve,430
219,188856918,1.33,fitted_curve,421
220,185833128,1.33,fitted_curve,412
221,182931819,1.33,fitted_curve,404
222,180145696,1.33,fitted_curve,396
223,177468035,1.33,fitted_curve,388
224,174892621,1.33,fitted_curve,381
225,172413709,1.33,fitted_curve,373
227,170025974,1.33,fitted_curve,367
228,167724477,1.33,fitted_curve,360
229,165504628,1.33,fitted_curve,354
230,163362159,1.33,fitted_curve,347
231,161293092,1.33,fitted_curve,341
232,159293720,1.33,fitted_curve,336
233,157360578,1.33,fitted_curve,330
234,155490430,1.33,fitted_curve,325
235,153680246,1.33,fitted_curve,320
236,151927188,1.33,fitted_curve,314
237,150228593,1.33,fitted_curve,310
238,148581962,1.33,fitted_curve,305
239,146984946,1.33,fitted_curve,300
240,145435337,1.33,fitted_curve,296
241,143931054,1.33,fitted_curve,291
242,142470137,1.33,fitted_curve,287
243,141050738,1.33,fitted_curve,283
244,139671112,1.33,fitted_curve,279
245,138329609,1.33,fitted_curve,275
246,137024672,1.33,fitted_curve,272
247,135754825,1.33,fitted_curve,268
248,134518672,1.33,fitted_curve,264
249,133314890,1.33,fitted_curve,261
251,132142222,1.33,fitted_curve,258
252,130999479,1.33,fitted_curve,254
253,129885529,1.33,fitted_curve,251
254,128799298,1.33,fitted_curve,248
255,127739763,1.33,fitted_curve,245
256,126705953,1.33,fitted_curve,242
257,125696942,1.33,fitted_curve,239
258,124711848,1.33,fitted_curve,236
259,123749830,1.33,fitted_curve,233
260,122810088,1.33,fitted_curve,231
261,121891856,1.33,fitted_curve,228
262,120994404,1.33,fitted_curve,226
263,120117035,1.33,fitted_curve,223
264,119259082,1.33,fitted_curve,221
265,118419907,1.33,fitted_curve,218
266,117598902,1.33,fitted_curve,216
267,116795481,1.33,fitted_curve,213
268,116009086,1.33,fitted_curve,211
269,115239182,1.33,fitted_curve,209
270,114485255,1.33,fitted_curve,207
271,113746812,1.33,fitted_curve,205
272,113023383,1.33,fitted_curve,203
273,112314513,1.33,fitted_curve,201
275,111619767,1.33,fitted_curve,199
276,110938728,1.33,fitted_curve,197
277,110270993,1.33,fitted_curve,195
278,109616177,1.33,fitted_curve,193
279,108973908,1.33,fitted_curve,191
280,108343829,1.33,fitted_curve,189
281,107725597,1.33,fitted_curve,187
282,107118880,1.33,fitted_curve,186
283,106523359,1.33,fitted_curve,184
284,105938728,1.33,fitted_curve,182
285,105364690,1.33,fitted_curve,181
286,104800961,1.33,fitted_curve,179
287,104247264,1.33,fitted_curve,177
288,103703335,1.33,fitted_curve,176
289,103168917,1.33,fitted_curve,174
290,102643763,1.33,fitted_curve,173
291,102127635,1.33,fitted_curve,171
292,101620300,1.33,fitted_curve,170
293,101121538,1.33,fitted_curve,168
294,100631131,1.33,fitted_curve,167
295,100148873,1.33,fitted_curve,166
296,99674561,1.33,fitted_curve,164
297,99208000,1.33,fitted_curve,163
298,98749003,1.33,fitted_curve,162
300,98297387,1.33,fitted_curve,160
301,97852975,1.33,fitted_curve,159
302,97415596,1.33,fitted_curve,158
303,96985085,1.33,fitted_curve,156
304,96561281,1.33,fitted_curve,155
305,96144028,1.33,fitted_curve,154
306,95733176,1.33,fitted_curve,153
307,95328579,1.33,fitted_curve,152
308,94930094,1.33,fitted_curve,151
309,94537585,1.33,fitted_curve,149
310,94150918,1.33,fitted_curve,148
311,93769963,1.33,fitted_curve,147
312,93394595,1.33,fitted_curve,146
313,93024692,1.33,fitted_curve,145
314,92660136,1.33,fitted_curve,144
315,92300810,1.33,fitted_curve,143
316,91946605,1.33,fitted_curve,142
317,91597410,1.33,fitted_curve,141
318,91253120,1.33,fitted_curve,140
319,90913633,1.33,fitted_curve,139
320,90578848,1.33,fitted_curve,138
321,90248670,1.33,fitted_curve,137
322,89923003,1.33,fitted_curve,136
324,89601755,1.33,fitted_curve,135
325,89284838,1.33,fitted_curve,134
326,88972164,1.33,fitted_curve,133
327,88663648,1.33,fitted_curve,133
328,88359209,1.33,fitted_curve,132
329,88058765,1.33,fitted_curve,131
330,87762239,1.33,fitted_curve,130
331,87469555,1.33,fitted_curve,129
332,87180638,1.33,fitted_curve,128
333,86895417,1.33,fitted_curve,127
334,86613820,1.33,fitted_curve,127
335,86335779,1.33,fitted_curve,126
336,86061228,1.33,fitted_curve,125
337,85790100,1.33,fitted_curve,124
338,85522332,1.33,fitted_curve,123
339,85257863,1.33,fitted_curve,123
340,84996631,1.33,fitted_curve,122
341,84738577,1.33,fitted_curve,121
342,84483645,1.33,fitted_curve,121
343,84231777,1.33,fitted_curve,120
344,83982918,1.33,fitted_curve,119
340,85157820,1.33,fitted_critical_point,122
